iter	Logloss
0	0.6874446011
1	0.6825676967
2	0.6774852843
3	0.6729828713
4	0.6687591202
5	0.663897046
6	0.6592264404
7	0.6536549818
8	0.6485351106
9	0.6443605807
10	0.6385418683
11	0.6345840308
